name,type,nanoV12,miniAOD,nanoV9,xs_framework,xs_framework_aux,xs_xsdb_link
wjets_FXFX,HTT-reprocessed,WJetsToLNu-amcatnloFXFX,/WJetsToLNu_TuneCP5_13TeV-amcatnloFXFX-pythia8/RunIISummer20UL18MiniAODv2-106X_upgrade2018_realistic_v16_L1v1-v2/MINIAODSIM,/WJetsToLNu_TuneCP5_13TeV-amcatnloFXFX-pythia8/RunIISummer20UL18NanoAODv9-106X_upgrade2018_realistic_v16_L1v1-v2/NANOAODSIM,66680.0,66680.0,https://cms-gen-dev.cern.ch/xsdb/?searchQuery=DAS=WJetsToLNu_TuneCP5_13TeV-amcatnloFXFX-pythia8
wjets_FXFX_0j,HTT-reprocessed,W0JetsToLNu-amcatnloFXFX,/WJetsToLNu_0J_TuneCP5_13TeV-amcatnloFXFX-pythia8/RunIISummer20UL18MiniAODv2-106X_upgrade2018_realistic_v16_L1v1-v2/MINIAODSIM,/WJetsToLNu_0J_TuneCP5_13TeV-amcatnloFXFX-pythia8/RunIISummer20UL18NanoAODv9-106X_upgrade2018_realistic_v16_L1v1-v1/NANOAODSIM,53330.0,53330.0,https://cms-gen-dev.cern.ch/xsdb/?searchQuery=DAS=WJetsToLNu_0J_TuneCP5_13TeV-amcatnloFXFX-pythia8
wjets_FXFX_1j,HTT-reprocessed,W1JetsToLNu-amcatnloFXFX,/WJetsToLNu_1J_TuneCP5_13TeV-amcatnloFXFX-pythia8/RunIISummer20UL18MiniAODv2-106X_upgrade2018_realistic_v16_L1v1-v1/MINIAODSIM,/WJetsToLNu_1J_TuneCP5_13TeV-amcatnloFXFX-pythia8/RunIISummer20UL18NanoAODv9-106X_upgrade2018_realistic_v16_L1v1-v1/NANOAODSIM,8875.0,8875.0,https://cms-gen-dev.cern.ch/xsdb/?searchQuery=DAS=WJetsToLNu_1J_TuneCP5_13TeV-amcatnloFXFX-pythia8
wjets_FXFX_2j,HTT-reprocessed,W2JetsToLNu-amcatnloFXFX,/WJetsToLNu_2J_TuneCP5_13TeV-amcatnloFXFX-pythia8/RunIISummer20UL18MiniAODv2-106X_upgrade2018_realistic_v16_L1v1-v2/MINIAODSIM,/WJetsToLNu_2J_TuneCP5_13TeV-amcatnloFXFX-pythia8/RunIISummer20UL18NanoAODv9-106X_upgrade2018_realistic_v16_L1v1-v1/NANOAODSIM,3338.0,3338.0,https://cms-gen-dev.cern.ch/xsdb/?searchQuery=DAS=WJetsToLNu_2J_TuneCP5_13TeV-amcatnloFXFX-pythia8
wjets_MLM,HTT-reprocessed,WJetsToLNu,/WJetsToLNu_TuneCP5_13TeV-madgraphMLM-pythia8/RunIISummer20UL18MiniAODv2-106X_upgrade2018_realistic_v16_L1v1-v1/MINIAODSIM,/WJetsToLNu_TuneCP5_13TeV-madgraphMLM-pythia8/RunIISummer20UL18NanoAODv9-106X_upgrade2018_realistic_v16_L1v1-v1/NANOAODSIM,53940.0,53940.0,https://cms-gen-dev.cern.ch/xsdb/?searchQuery=DAS=WJetsToLNu_TuneCP5_13TeV-madgraphMLM-pythia8
dy,HTT-reprocessed,DYJetsToLL_M-50-amcatnloFXFX,/DYJetsToLL_M-50_TuneCP5_13TeV-amcatnloFXFX-pythia8/RunIISummer20UL18MiniAODv2-106X_upgrade2018_realistic_v16_L1v1-v2/MINIAODSIM,/DYJetsToLL_M-50_TuneCP5_13TeV-amcatnloFXFX-pythia8/RunIISummer20UL18NanoAODv9-106X_upgrade2018_realistic_v16_L1v1-v2/NANOAODSIM,6424.0,6424.0,https://cms-gen-dev.cern.ch/xsdb/?searchQuery=DAS=DYJetsToLL_M-50_TuneCP5_13TeV-amcatnloFXFX-pythia8
dy_ptz1,HTT-reprocessed,DYJetsToLL_LHEFilterPtZ-0To50-amcatnloFXFX,/DYJetsToLL_LHEFilterPtZ-0To50_MatchEWPDG20_TuneCP5_13TeV-amcatnloFXFX-pythia8/RunIISummer20UL18MiniAODv2-106X_upgrade2018_realistic_v16_L1v1-v2/MINIAODSIM,/DYJetsToLL_LHEFilterPtZ-0To50_MatchEWPDG20_TuneCP5_13TeV-amcatnloFXFX-pythia8/RunIISummer20UL18NanoAODv9-106X_upgrade2018_realistic_v16_L1v1-v1/NANOAODSIM,1485.0,1485.0,https://cms-gen-dev.cern.ch/xsdb/?searchQuery=DAS=DYJetsToLL_LHEFilterPtZ-0To50_MatchEWPDG20_TuneCP5_13TeV-amcatnloFXFX-pythia8
dy_ptz2,HTT-reprocessed,DYJetsToLL_LHEFilterPtZ-50To100-amcatnloFXFX,/DYJetsToLL_LHEFilterPtZ-50To100_MatchEWPDG20_TuneCP5_13TeV-amcatnloFXFX-pythia8/RunIISummer20UL18MiniAODv2-106X_upgrade2018_realistic_v16_L1v1-v2/MINIAODSIM,/DYJetsToLL_LHEFilterPtZ-50To100_MatchEWPDG20_TuneCP5_13TeV-amcatnloFXFX-pythia8/RunIISummer20UL18NanoAODv9-106X_upgrade2018_realistic_v16_L1v1-v1/NANOAODSIM,397.4,397.4,https://cms-gen-dev.cern.ch/xsdb/?searchQuery=DAS=DYJetsToLL_LHEFilterPtZ-50To100_MatchEWPDG20_TuneCP5_13TeV-amcatnloFXFX-pythia8
dy_ptz3,HTT-reprocessed,DYJetsToLL_LHEFilterPtZ-100To250-amcatnloFXFX,/DYJetsToLL_LHEFilterPtZ-100To250_MatchEWPDG20_TuneCP5_13TeV-amcatnloFXFX-pythia8/RunIISummer20UL18MiniAODv2-106X_upgrade2018_realistic_v16_L1v1-v2/MINIAODSIM,/DYJetsToLL_LHEFilterPtZ-100To250_MatchEWPDG20_TuneCP5_13TeV-amcatnloFXFX-pythia8/RunIISummer20UL18NanoAODv9-106X_upgrade2018_realistic_v16_L1v1-v1/NANOAODSIM,97.2,97.2,https://cms-gen-dev.cern.ch/xsdb/?searchQuery=DAS=DYJetsToLL_LHEFilterPtZ-100To250_MatchEWPDG20_TuneCP5_13TeV-amcatnloFXFX-pythia8
dy_ptz4,HTT-reprocessed,DYJetsToLL_LHEFilterPtZ-250To400-amcatnloFXFX,/DYJetsToLL_LHEFilterPtZ-250To400_MatchEWPDG20_TuneCP5_13TeV-amcatnloFXFX-pythia8/RunIISummer20UL18MiniAODv2-106X_upgrade2018_realistic_v16_L1v1-v2/MINIAODSIM,/DYJetsToLL_LHEFilterPtZ-250To400_MatchEWPDG20_TuneCP5_13TeV-amcatnloFXFX-pythia8/RunIISummer20UL18NanoAODv9-106X_upgrade2018_realistic_v16_L1v1-v1/NANOAODSIM,3.701,3.701,https://cms-gen-dev.cern.ch/xsdb/?searchQuery=DAS=DYJetsToLL_LHEFilterPtZ-250To400_MatchEWPDG20_TuneCP5_13TeV-amcatnloFXFX-pythia8
dy_ptz5,HTT-reprocessed,DYJetsToLL_LHEFilterPtZ-400To650-amcatnloFXFX,/DYJetsToLL_LHEFilterPtZ-400To650_MatchEWPDG20_TuneCP5_13TeV-amcatnloFXFX-pythia8/RunIISummer20UL18MiniAODv2-106X_upgrade2018_realistic_v16_L1v1-v2/MINIAODSIM,/DYJetsToLL_LHEFilterPtZ-400To650_MatchEWPDG20_TuneCP5_13TeV-amcatnloFXFX-pythia8/RunIISummer20UL18NanoAODv9-106X_upgrade2018_realistic_v16_L1v1-v1/NANOAODSIM,0.5086,0.5086,https://cms-gen-dev.cern.ch/xsdb/?searchQuery=DAS=DYJetsToLL_LHEFilterPtZ-400To650_MatchEWPDG20_TuneCP5_13TeV-amcatnloFXFX-pythia8
dy_ptz6,HTT-reprocessed,DYJetsToLL_LHEFilterPtZ-650ToInf-amcatnloFXFX,/DYJetsToLL_LHEFilterPtZ-650ToInf_MatchEWPDG20_TuneCP5_13TeV-amcatnloFXFX-pythia8/RunIISummer20UL18MiniAODv2-106X_upgrade2018_realistic_v16_L1v1-v2/MINIAODSIM,/DYJetsToLL_LHEFilterPtZ-650ToInf_MatchEWPDG20_TuneCP5_13TeV-amcatnloFXFX-pythia8/RunIISummer20UL18NanoAODv9-106X_upgrade2018_realistic_v16_L1v1-v1/NANOAODSIM,0.040981055,0.040981055,https://cms-gen-dev.cern.ch/xsdb/?searchQuery=DAS=DYJetsToLL_LHEFilterPtZ-650ToInf_MatchEWPDG20_TuneCP5_13TeV-amcatnloFXFX-pythia8
dy_0j,HTT-reprocessed,DYJetsToLL_0J-amcatnloFXFX,/DYJetsToLL_0J_TuneCP5_13TeV-amcatnloFXFX-pythia8/RunIISummer20UL18MiniAODv2-106X_upgrade2018_realistic_v16_L1v1-v1/MINIAODSIM,/DYJetsToLL_0J_TuneCP5_13TeV-amcatnloFXFX-pythia8/RunIISummer20UL18NanoAODv9-106X_upgrade2018_realistic_v16_L1v1-v1/NANOAODSIM,5090.0,5090.0,https://cms-gen-dev.cern.ch/xsdb/?searchQuery=DAS=DYJetsToLL_0J_TuneCP5_13TeV-amcatnloFXFX-pythia8
dy_1j,HTT-reprocessed,DYJetsToLL_1J-amcatnloFXFX,/DYJetsToLL_1J_TuneCP5_13TeV-amcatnloFXFX-pythia8/RunIISummer20UL18MiniAODv2-106X_upgrade2018_realistic_v16_L1v1-v1/MINIAODSIM,/DYJetsToLL_1J_TuneCP5_13TeV-amcatnloFXFX-pythia8/RunIISummer20UL18NanoAODv9-106X_upgrade2018_realistic_v16_L1v1-v1/NANOAODSIM,983.5,983.5,https://cms-gen-dev.cern.ch/xsdb/?searchQuery=DAS=DYJetsToLL_1J_TuneCP5_13TeV-amcatnloFXFX-pythia8
dy_2j,HTT-reprocessed,DYJetsToLL_2J-amcatnloFXFX,/DYJetsToLL_2J_TuneCP5_13TeV-amcatnloFXFX-pythia8/RunIISummer20UL18MiniAODv2-106X_upgrade2018_realistic_v16_L1v1-v1/MINIAODSIM,/DYJetsToLL_2J_TuneCP5_13TeV-amcatnloFXFX-pythia8/RunIISummer20UL18NanoAODv9-106X_upgrade2018_realistic_v16_L1v1-v1/NANOAODSIM,353.6,353.6,https://cms-gen-dev.cern.ch/xsdb/?searchQuery=DAS=DYJetsToLL_2J_TuneCP5_13TeV-amcatnloFXFX-pythia8
ewk_z,HTT-reprocessed,EWK_ZTo2L,/EWKZ2Jets_ZToLL_M-50_TuneCP5_withDipoleRecoil_13TeV-madgraph-pythia8/RunIISummer20UL18MiniAODv2-106X_upgrade2018_realistic_v16_L1v1-v2/MINIAODSIM,/EWKZ2Jets_ZToLL_M-50_TuneCP5_withDipoleRecoil_13TeV-madgraph-pythia8/RunIISummer20UL18NanoAODv9-106X_upgrade2018_realistic_v16_L1v1-v2/NANOAODSIM,6.215,6.215,https://cms-gen-dev.cern.ch/xsdb/?searchQuery=DAS=EWKZ2Jets_ZToLL_M-50_TuneCP5_withDipoleRecoil_13TeV-madgraph-pythia8
ewk_wplus,HTT-reprocessed,EWK_WplusToLNu,/EWKWPlus2Jets_WToLNu_M-50_TuneCP5_withDipoleRecoil_13TeV-madgraph-pythia8/RunIISummer20UL18MiniAODv2-106X_upgrade2018_realistic_v16_L1v1-v2/MINIAODSIM,/EWKWPlus2Jets_WToLNu_M-50_TuneCP5_withDipoleRecoil_13TeV-madgraph-pythia8/RunIISummer20UL18NanoAODv9-106X_upgrade2018_realistic_v16_L1v1-v2/NANOAODSIM,39.05,39.05,https://cms-gen-dev.cern.ch/xsdb/?searchQuery=DAS=EWKWPlus2Jets_WToLNu_M-50_TuneCP5_withDipoleRecoil_13TeV-madgraph-pythia8
ewk_wminus,HTT-reprocessed,EWK_WminusToLNu,/EWKWMinus2Jets_WToLNu_M-50_TuneCP5_withDipoleRecoil_13TeV-madgraph-pythia8/RunIISummer20UL18MiniAODv2-106X_upgrade2018_realistic_v16_L1v1-v2/MINIAODSIM,/EWKWMinus2Jets_WToLNu_M-50_TuneCP5_withDipoleRecoil_13TeV-madgraph-pythia8/RunIISummer20UL18NanoAODv9-106X_upgrade2018_realistic_v16_L1v1-v2/NANOAODSIM,32.05,32.05,https://cms-gen-dev.cern.ch/xsdb/?searchQuery=DAS=EWKWMinus2Jets_WToLNu_M-50_TuneCP5_withDipoleRecoil_13TeV-madgraph-pythia8
tt_dl,HTT-reprocessed,TTTo2L2Nu,/TTTo2L2Nu_TuneCP5_13TeV-powheg-pythia8/RunIISummer20UL18MiniAODv2-106X_upgrade2018_realistic_v16_L1v1-v1/MINIAODSIM,/TTTo2L2Nu_TuneCP5_13TeV-powheg-pythia8/RunIISummer20UL18NanoAODv9-106X_upgrade2018_realistic_v16_L1v1-v1/NANOAODSIM,88.29,88.29,https://cms-gen-dev.cern.ch/xsdb/?searchQuery=DAS=TTTo2L2Nu_TuneCP5_13TeV-powheg-pythia8
tt_sl,HTT-reprocessed,TTToSemiLeptonic,/TTToSemiLeptonic_TuneCP5_13TeV-powheg-pythia8/RunIISummer20UL18MiniAODv2-106X_upgrade2018_realistic_v16_L1v1-v2/MINIAODSIM,/TTToSemiLeptonic_TuneCP5_13TeV-powheg-pythia8/RunIISummer20UL18NanoAODv9-106X_upgrade2018_realistic_v16_L1v1-v1/NANOAODSIM,365.34,365.34,https://cms-gen-dev.cern.ch/xsdb/?searchQuery=DAS=TTToSemiLeptonic_TuneCP5_13TeV-powheg-pythia8
tt_fh,HTT-reprocessed,TTToHadronic,/TTToHadronic_TuneCP5_13TeV-powheg-pythia8/RunIISummer20UL18MiniAODv2-106X_upgrade2018_realistic_v16_L1v1-v1/MINIAODSIM,/TTToHadronic_TuneCP5_13TeV-powheg-pythia8/RunIISummer20UL18NanoAODv9-106X_upgrade2018_realistic_v16_L1v1-v1/NANOAODSIM,377.96,377.96,https://cms-gen-dev.cern.ch/xsdb/?searchQuery=DAS=TTToHadronic_TuneCP5_13TeV-powheg-pythia8
st_tw_antitop,HTT-reprocessed,ST_tW_antitop_5f_InclusiveDecays,/ST_tW_antitop_5f_inclusiveDecays_TuneCP5_13TeV-powheg-pythia8/RunIISummer20UL18MiniAODv2-106X_upgrade2018_realistic_v16_L1v1-v2/MINIAODSIM,/ST_tW_antitop_5f_inclusiveDecays_TuneCP5_13TeV-powheg-pythia8/RunIISummer20UL18NanoAODv9-106X_upgrade2018_realistic_v16_L1v1-v2/NANOAODSIM,35.85,35.85,https://cms-gen-dev.cern.ch/xsdb/?searchQuery=DAS=ST_tW_antitop_5f_inclusiveDecays_TuneCP5_13TeV-powheg-pythia8
st_tw_top,HTT-reprocessed,ST_tW_top_5f_InclusiveDecays,/ST_tW_top_5f_inclusiveDecays_TuneCP5_13TeV-powheg-pythia8/RunIISummer20UL18MiniAODv2-106X_upgrade2018_realistic_v16_L1v1-v2/MINIAODSIM,/ST_tW_top_5f_inclusiveDecays_TuneCP5_13TeV-powheg-pythia8/RunIISummer20UL18NanoAODv9-106X_upgrade2018_realistic_v16_L1v1-v2/NANOAODSIM,35.85,35.85,https://cms-gen-dev.cern.ch/xsdb/?searchQuery=DAS=ST_tW_top_5f_inclusiveDecays_TuneCP5_13TeV-powheg-pythia8
st_antitop,HTT-reprocessed,ST_t-channel_antitop_4f_InclusiveDecays,/ST_t-channel_antitop_4f_InclusiveDecays_TuneCP5_13TeV-powheg-madspin-pythia8/RunIISummer20UL18MiniAODv2-106X_upgrade2018_realistic_v16_L1v1-v1/MINIAODSIM,/ST_t-channel_antitop_4f_InclusiveDecays_TuneCP5_13TeV-powheg-madspin-pythia8/RunIISummer20UL18NanoAODv9-106X_upgrade2018_realistic_v16_L1v1-v1/NANOAODSIM,80.95,80.95,https://cms-gen-dev.cern.ch/xsdb/?searchQuery=DAS=ST_t-channel_antitop_4f_InclusiveDecays_TuneCP5_13TeV-powheg-madspin-pythia8
st_top,HTT-reprocessed,ST_t-channel_top_4f_InclusiveDecays,/ST_t-channel_top_4f_InclusiveDecays_TuneCP5_13TeV-powheg-madspin-pythia8/RunIISummer20UL18MiniAODv2-106X_upgrade2018_realistic_v16_L1v1-v1/MINIAODSIM,/ST_t-channel_top_4f_InclusiveDecays_TuneCP5_13TeV-powheg-madspin-pythia8/RunIISummer20UL18NanoAODv9-106X_upgrade2018_realistic_v16_L1v1-v1/NANOAODSIM,136.02,136.02,https://cms-gen-dev.cern.ch/xsdb/?searchQuery=DAS=ST_t-channel_top_4f_InclusiveDecays_TuneCP5_13TeV-powheg-madspin-pythia8
zz_dl,HTT-reprocessed,ZZTo4L,/ZZTo4L_TuneCP5_13TeV_powheg_pythia8/RunIISummer20UL18MiniAODv2-106X_upgrade2018_realistic_v16_L1v1-v2/MINIAODSIM,/ZZTo4L_TuneCP5_13TeV_powheg_pythia8/RunIISummer20UL18NanoAODv9-106X_upgrade2018_realistic_v16_L1v1-v2/NANOAODSIM,1.26,1.26,https://cms-gen-dev.cern.ch/xsdb/?searchQuery=DAS=ZZTo4L_TuneCP5_13TeV_powheg_pythia8
zz_fh,HTT-reprocessed,ZZTo4Q,/ZZTo4Q_5f_TuneCP5_13TeV-amcatnloFXFX-pythia8/RunIISummer20UL18MiniAODv2-106X_upgrade2018_realistic_v16_L1v1-v2/MINIAODSIM,/ZZTo4Q_5f_TuneCP5_13TeV-amcatnloFXFX-pythia8/RunIISummer20UL18NanoAODv9-106X_upgrade2018_realistic_v16_L1v1-v1/NANOAODSIM,3.262,3.262,https://cms-gen-dev.cern.ch/xsdb/?searchQuery=DAS=ZZTo4Q_5f_TuneCP5_13TeV-amcatnloFXFX-pythia8
zz_lnu,HTT-reprocessed,ZZTo2L2Nu,/ZZTo2L2Nu_TuneCP5_13TeV_powheg_pythia8/RunIISummer20UL18MiniAODv2-106X_upgrade2018_realistic_v16_L1v1-v1/MINIAODSIM,/ZZTo2L2Nu_TuneCP5_13TeV_powheg_pythia8/RunIISummer20UL18NanoAODv9-106X_upgrade2018_realistic_v16_L1v1-v1/NANOAODSIM,0.564,0.564,https://cms-gen-dev.cern.ch/xsdb/?searchQuery=DAS=ZZTo2L2Nu_TuneCP5_13TeV_powheg_pythia8
zz_qnu,HTT-reprocessed,ZZTo2Q2Nu,/ZZTo2Q2Nu_TuneCP5_13TeV-amcatnloFXFX-pythia8/RunIISummer20UL18MiniAODv2-106X_upgrade2018_realistic_v16_L1v1-v2/MINIAODSIM,/ZZTo2Q2Nu_TuneCP5_13TeV-amcatnloFXFX-pythia8/RunIISummer20UL18NanoAODv9-106X_upgrade2018_realistic_v16_L1v1-v1/NANOAODSIM,4.07,4.07,https://cms-gen-dev.cern.ch/xsdb/?searchQuery=DAS=ZZTo2Q2Nu_TuneCP5_13TeV-amcatnloFXFX-pythia8
wz_lllnu,HTT-reprocessed,WZTo3LNu,/WZTo3LNu_TuneCP5_13TeV-amcatnloFXFX-pythia8/RunIISummer20UL18MiniAODv2-106X_upgrade2018_realistic_v16_L1v1-v2/MINIAODSIM,/WZTo3LNu_TuneCP5_13TeV-amcatnloFXFX-pythia8/RunIISummer20UL18NanoAODv9-106X_upgrade2018_realistic_v16_L1v1-v2/NANOAODSIM,4.43,4.43,https://cms-gen-dev.cern.ch/xsdb/?searchQuery=DAS=WZTo3LNu_TuneCP5_13TeV-amcatnloFXFX-pythia8
wz_lnuqq,HTT-reprocessed,WZTo1L1Nu2Q,/WZTo1L1Nu2Q_4f_TuneCP5_13TeV-amcatnloFXFX-pythia8/RunIISummer20UL18MiniAODv2-106X_upgrade2018_realistic_v16_L1v1-v2/MINIAODSIM,/WZTo1L1Nu2Q_4f_TuneCP5_13TeV-amcatnloFXFX-pythia8/RunIISummer20UL18NanoAODv9-106X_upgrade2018_realistic_v16_L1v1-v1/NANOAODSIM,10.71,10.71,https://cms-gen-dev.cern.ch/xsdb/?searchQuery=DAS=WZTo1L1Nu2Q_4f_TuneCP5_13TeV-amcatnloFXFX-pythia8
wz_lnununu,HTT-reprocessed,WZTo1L3Nu,/WZTo1L3Nu_4f_TuneCP5_13TeV-amcatnloFXFX-pythia8/RunIISummer20UL18MiniAODv2-106X_upgrade2018_realistic_v16_L1v1-v3/MINIAODSIM,/WZTo1L3Nu_4f_TuneCP5_13TeV-amcatnloFXFX-pythia8/RunIISummer20UL18NanoAODv9-106X_upgrade2018_realistic_v16_L1v1-v1/NANOAODSIM,3.414,3.414,https://cms-gen-dev.cern.ch/xsdb/?searchQuery=DAS=WZTo1L3Nu_4f_TuneCP5_13TeV-amcatnloFXFX-pythia8
wz_llqq,HTT-reprocessed,WZTo2Q2L,/WZTo2Q2L_mllmin4p0_TuneCP5_13TeV-amcatnloFXFX-pythia8/RunIISummer20UL18MiniAODv2-106X_upgrade2018_realistic_v16_L1v1-v2/MINIAODSIM,/WZTo2Q2L_mllmin4p0_TuneCP5_13TeV-amcatnloFXFX-pythia8/RunIISummer20UL18NanoAODv9-106X_upgrade2018_realistic_v16_L1v1-v1/NANOAODSIM,5.595,5.595,https://cms-gen-dev.cern.ch/xsdb/?searchQuery=DAS=WZTo2Q2L_mllmin4p0_TuneCP5_13TeV-amcatnloFXFX-pythia8
ww_llnunu,HTT-reprocessed,WWTo2L2Nu,/WWTo2L2Nu_TuneCP5_13TeV-powheg-pythia8/RunIISummer20UL18MiniAODv2-106X_upgrade2018_realistic_v16_L1v1-v2/MINIAODSIM,/WWTo2L2Nu_TuneCP5_13TeV-powheg-pythia8/RunIISummer20UL18NanoAODv9-106X_upgrade2018_realistic_v16_L1v1-v2/NANOAODSIM,12.178,12.178,https://cms-gen-dev.cern.ch/xsdb/?searchQuery=DAS=WWTo2L2Nu_TuneCP5_13TeV-powheg-pythia8
ww_lnuqq,HTT-reprocessed,WWTo1L1Nu2Q,/WWTo1L1Nu2Q_4f_TuneCP5_13TeV-amcatnloFXFX-pythia8/RunIISummer20UL18MiniAODv2-106X_upgrade2018_realistic_v16_L1v1-v2/MINIAODSIM,/WWTo1L1Nu2Q_4f_TuneCP5_13TeV-amcatnloFXFX-pythia8/RunIISummer20UL18NanoAODv9-106X_upgrade2018_realistic_v16_L1v1-v1/NANOAODSIM,49.997,49.997,https://cms-gen-dev.cern.ch/xsdb/?searchQuery=DAS=WWTo1L1Nu2Q_4f_TuneCP5_13TeV-amcatnloFXFX-pythia8
ww_qqqq,HTT-reprocessed,WWTo4Q,/WWTo4Q_4f_TuneCP5_13TeV-amcatnloFXFX-pythia8/RunIISummer20UL18MiniAODv2-106X_upgrade2018_realistic_v16_L1v1-v3/MINIAODSIM,/WWTo4Q_4f_TuneCP5_13TeV-amcatnloFXFX-pythia8/RunIISummer20UL18NanoAODv9-106X_upgrade2018_realistic_v16_L1v1-v2/NANOAODSIM,51.723,51.723,https://cms-gen-dev.cern.ch/xsdb/?searchQuery=DAS=WWTo4Q_4f_TuneCP5_13TeV-amcatnloFXFX-pythia8
zzz,HTT-reprocessed,ZZZ,/ZZZ_TuneCP5_13TeV-amcatnlo-pythia8/RunIISummer20UL18MiniAODv2-106X_upgrade2018_realistic_v16_L1v1-v1/MINIAODSIM,/ZZZ_TuneCP5_13TeV-amcatnlo-pythia8/RunIISummer20UL18NanoAODv9-106X_upgrade2018_realistic_v16_L1v1-v1/NANOAODSIM,0.0147,0.0147,https://cms-gen-dev.cern.ch/xsdb/?searchQuery=DAS=ZZZ_TuneCP5_13TeV-amcatnlo-pythia8
wzz,HTT-reprocessed,WZZ,/WZZ_TuneCP5_13TeV-amcatnlo-pythia8/RunIISummer20UL18MiniAODv2-106X_upgrade2018_realistic_v16_L1v1-v3/MINIAODSIM,/WZZ_TuneCP5_13TeV-amcatnlo-pythia8/RunIISummer20UL18NanoAODv9-106X_upgrade2018_realistic_v16_L1v1-v1/NANOAODSIM,0.057,0.057,https://cms-gen-dev.cern.ch/xsdb/?searchQuery=DAS=WZZ_TuneCP5_13TeV-amcatnlo-pythia8
www,HTT-reprocessed,WWW_4F,/WWW_4F_TuneCP5_13TeV-amcatnlo-pythia8/RunIISummer20UL18MiniAODv2-106X_upgrade2018_realistic_v16_L1v1-v1/MINIAODSIM,/WWW_4F_TuneCP5_13TeV-amcatnlo-pythia8/RunIISummer20UL18NanoAODv9-106X_upgrade2018_realistic_v16_L1v1-v1/NANOAODSIM,0.209,0.209,https://cms-gen-dev.cern.ch/xsdb/?searchQuery=DAS=WWW_4F_TuneCP5_13TeV-amcatnlo-pythia8
wwz,HTT-reprocessed,WWZ_4F,/WWZ_4F_TuneCP5_13TeV-amcatnlo-pythia8/RunIISummer20UL18MiniAODv2-106X_upgrade2018_realistic_v16_L1v1-v1/MINIAODSIM,/WWZ_4F_TuneCP5_13TeV-amcatnlo-pythia8/RunIISummer20UL18NanoAODv9-106X_upgrade2018_realistic_v16_L1v1-v1/NANOAODSIM,0.168,0.168,https://cms-gen-dev.cern.ch/xsdb/?searchQuery=DAS=WWZ_4F_TuneCP5_13TeV-amcatnlo-pythia8
ttw_lnu,HTT-reprocessed,TTWJetsToLNu,/TTWJetsToLNu_TuneCP5_13TeV-amcatnloFXFX-madspin-pythia8/RunIISummer20UL18MiniAODv2-106X_upgrade2018_realistic_v16_L1v1-v1/MINIAODSIM,/TTWJetsToLNu_TuneCP5_13TeV-amcatnloFXFX-madspin-pythia8/RunIISummer20UL18NanoAODv9-106X_upgrade2018_realistic_v16_L1v1-v1/NANOAODSIM,0.2043,0.2043,https://cms-gen-dev.cern.ch/xsdb/?searchQuery=DAS=TTWJetsToLNu_TuneCP5_13TeV-amcatnloFXFX-madspin-pythia8
ttw_qq,HTT-reprocessed,TTWJetsToQQ,/TTWJetsToQQ_TuneCP5_13TeV-amcatnloFXFX-madspin-pythia8/RunIISummer20UL18MiniAODv2-106X_upgrade2018_realistic_v16_L1v1-v1/MINIAODSIM,/TTWJetsToQQ_TuneCP5_13TeV-amcatnloFXFX-madspin-pythia8/RunIISummer20UL18NanoAODv9-106X_upgrade2018_realistic_v16_L1v1-v1/NANOAODSIM,0.4062,0.4062,https://cms-gen-dev.cern.ch/xsdb/?searchQuery=DAS=TTWJetsToQQ_TuneCP5_13TeV-amcatnloFXFX-madspin-pythia8
ttww,HTT-reprocessed,TTWW,/TTWW_TuneCP5_13TeV-madgraph-pythia8/RunIISummer20UL18MiniAODv2-106X_upgrade2018_realistic_v16_L1v1-v1/MINIAODSIM,/TTWW_TuneCP5_13TeV-madgraph-pythia8/RunIISummer20UL18NanoAODv9-106X_upgrade2018_realistic_v16_L1v1-v1/NANOAODSIM,0.00698,0.00698,https://cms-gen-dev.cern.ch/xsdb/?searchQuery=DAS=TTWW_TuneCP5_13TeV-madgraph-pythia8
ttwz,HTT-reprocessed,TTWZ,/TTWZ_TuneCP5_13TeV-madgraph-pythia8/RunIISummer20UL18MiniAODv2-106X_upgrade2018_realistic_v16_L1v1-v1/MINIAODSIM,/TTWZ_TuneCP5_13TeV-madgraph-pythia8/RunIISummer20UL18NanoAODv9-106X_upgrade2018_realistic_v16_L1v1-v1/NANOAODSIM,0.002441,0.002441,https://cms-gen-dev.cern.ch/xsdb/?searchQuery=DAS=TTWZ_TuneCP5_13TeV-madgraph-pythia8
ttwh,HTT-reprocessed,TTWH,/TTWH_TuneCP5_13TeV-madgraph-pythia8/RunIISummer20UL18MiniAODv2-106X_upgrade2018_realistic_v16_L1v1-v2/MINIAODSIM,/TTWH_TuneCP5_13TeV-madgraph-pythia8/RunIISummer20UL18NanoAODv9-106X_upgrade2018_realistic_v16_L1v1-v2/NANOAODSIM,0.00158,0.00158,https://cms-gen-dev.cern.ch/xsdb/?searchQuery=DAS=TTWH_TuneCP5_13TeV-madgraph-pythia8
ttzh,HTT-reprocessed,TTZH,/TTZH_TuneCP5_13TeV-madgraph-pythia8/RunIISummer20UL18MiniAODv2-106X_upgrade2018_realistic_v16_L1v1-v2/MINIAODSIM,/TTZH_TuneCP5_13TeV-madgraph-pythia8/RunIISummer20UL18NanoAODv9-106X_upgrade2018_realistic_v16_L1v1-v2/NANOAODSIM,0.00154,0.00154,https://cms-gen-dev.cern.ch/xsdb/?searchQuery=DAS=TTZH_TuneCP5_13TeV-madgraph-pythia8
ttz_llnunu,HTT-reprocessed,TTZToLLNuNu_M-10,/TTZToLLNuNu_M-10_TuneCP5_13TeV-amcatnlo-pythia8/RunIISummer20UL18MiniAODv2-106X_upgrade2018_realistic_v16_L1v1-v2/MINIAODSIM,/TTZToLLNuNu_M-10_TuneCP5_13TeV-amcatnlo-pythia8/RunIISummer20UL18NanoAODv9-106X_upgrade2018_realistic_v16_L1v1-v1/NANOAODSIM,0.2529,0.2529,https://cms-gen-dev.cern.ch/xsdb/?searchQuery=DAS=TTZToLLNuNu_M-10_TuneCP5_13TeV-amcatnlo-pythia8
ttz_qq,HTT-reprocessed,TTZToQQ,/TTZToQQ_TuneCP5_13TeV-amcatnlo-pythia8/RunIISummer20UL18MiniAODv2-106X_upgrade2018_realistic_v16_L1v1-v1/MINIAODSIM,/TTZToQQ_TuneCP5_13TeV-amcatnlo-pythia8/RunIISummer20UL18NanoAODv9-106X_upgrade2018_realistic_v16_L1v1-v1/NANOAODSIM,0.5297,0.5297,https://cms-gen-dev.cern.ch/xsdb/?searchQuery=DAS=TTZToQQ_TuneCP5_13TeV-amcatnlo-pythia8
ttzz,HTT-reprocessed,TTZZ,/TTZZ_TuneCP5_13TeV-madgraph-pythia8/RunIISummer20UL18MiniAODv2-106X_upgrade2018_realistic_v16_L1v1-v1/MINIAODSIM,/TTZZ_TuneCP5_13TeV-madgraph-pythia8/RunIISummer20UL18NanoAODv9-106X_upgrade2018_realistic_v16_L1v1-v1/NANOAODSIM,0.001386,0.001386,https://cms-gen-dev.cern.ch/xsdb/?searchQuery=DAS=TTZZ_TuneCP5_13TeV-madgraph-pythia8
wminush_htt,HTT-reprocessed,WminusHToTauTau_M125,/WminusHToTauTau_M125_TuneCP5_13TeV-powheg-pythia8/RunIISummer20UL18MiniAODv2-106X_upgrade2018_realistic_v16_L1v1-v2/MINIAODSIM,/WminusHToTauTau_M125_TuneCP5_13TeV-powheg-pythia8/RunIISummer20UL18NanoAODv9-106X_upgrade2018_realistic_v16_L1v1-v1/NANOAODSIM,0.0334,0.0334,https://cms-gen-dev.cern.ch/xsdb/?searchQuery=DAS=WminusHToTauTau_M125_TuneCP5_13TeV-powheg-pythia8
wplush_htt,HTT-reprocessed,WplusHToTauTau_M125,/WplusHToTauTau_M125_TuneCP5_13TeV-powheg-pythia8/RunIISummer20UL18MiniAODv2-106X_upgrade2018_realistic_v16_L1v1-v2/MINIAODSIM,/WplusHToTauTau_M125_TuneCP5_13TeV-powheg-pythia8/RunIISummer20UL18NanoAODv9-106X_upgrade2018_realistic_v16_L1v1-v1/NANOAODSIM,0.05268,0.05268,https://cms-gen-dev.cern.ch/xsdb/?searchQuery=DAS=WplusHToTauTau_M125_TuneCP5_13TeV-powheg-pythia8
tth_tautau,HTT-reprocessed,ttHToTauTau_M125,/ttHToTauTau_M125_TuneCP5_13TeV-powheg-pythia8/RunIISummer20UL18MiniAODv2-106X_upgrade2018_realistic_v16_L1v1-v3/MINIAODSIM,/ttHToTauTau_M125_TuneCP5_13TeV-powheg-pythia8/RunIISummer20UL18NanoAODv9-106X_upgrade2018_realistic_v16_L1v1-v1/NANOAODSIM,0.031805,0.031805,https://cms-gen-dev.cern.ch/xsdb/?searchQuery=DAS=ttHToTauTau_M125_TuneCP5_13TeV-powheg-pythia8
ggH_ZZ,HTT-reprocessed,ggHToZZTo2L2Q,/GluGluHToZZTo2L2Q_M125_TuneCP5_13TeV_powheg2_JHUGenV7011_pythia8/RunIISummer20UL18MiniAODv2-106X_upgrade2018_realistic_v16_L1v1-v1/MINIAODSIM,/GluGluHToZZTo2L2Q_M125_TuneCP5_13TeV_powheg2_JHUGenV7011_pythia8/RunIISummer20UL18NanoAODv9-106X_upgrade2018_realistic_v16_L1v1-v1/NANOAODSIM,28.87,28.87,https://cms-gen-dev.cern.ch/xsdb/?searchQuery=DAS=GluGluHToZZTo2L2Q_M125_TuneCP5_13TeV_powheg2_JHUGenV7011_pythia8
ggf_sm,HTT-reprocessed,GluGluToHHTo2B2Tau_node_SM,/GluGluToHHTo2B2Tau_TuneCP5_PSWeights_node_SM_13TeV-madgraph-pythia8/RunIISummer20UL18MiniAODv2-106X_upgrade2018_realistic_v16_L1v1-v2/MINIAODSIM,/GluGluToHHTo2B2Tau_TuneCP5_PSWeights_node_SM_13TeV-madgraph-pythia8/RunIISummer20UL18NanoAODv9-106X_upgrade2018_realistic_v16_L1v1-v1/NANOAODSIM,0.002268,0.002268,https://cms-gen-dev.cern.ch/xsdb/?searchQuery=DAS=GluGluToHHTo2B2Tau_TuneCP5_PSWeights_node_SM_13TeV-madgraph-pythia8
